epoch,train_loss,online_train_accuracy,train_seconds,device_name,validation_accuracy,validation_precision_macro,validation_recall_macro,validation_f1_macro
1,1.0818069732502886,0.5878289473684211,168.30880160300876,CPU,0.5317139001349528,0.7225296837932802,0.5199248120300752,0.45429206924867127
2,0.7941158890724183,0.7105263157894737,159.99011848699593,CPU,0.47233468286099867,0.5498649307915722,0.46691729323308273,0.4642031179058693
3,0.6504213030401029,0.7644736842105263,159.18203266200726,CPU,0.7246963562753036,0.7547375692275253,0.718421052631579,0.7110560999401836
4,0.53789632363539,0.8075657894736842,159.0104381800047,CPU,0.8488529014844804,0.8589916110255092,0.8490601503759398,0.8479803537529367
5,0.47980592686094736,0.8233552631578948,162.58788490499137,CPU,0.7800269905533064,0.800703056140556,0.775563909774436,0.7744559421104235
6,0.43453616656755145,0.8411184210526316,159.37545086900354,CPU,0.8663967611336032,0.8823302664453024,0.8680451127819548,0.8663554677889792
7,0.37238217647138394,0.8657894736842106,165.83382448001066,CPU,0.8380566801619433,0.8525428266365193,0.8347744360902256,0.8359240249518706
8,0.3197706822305918,0.8779605263157895,159.37083651199646,CPU,0.7516869095816464,0.839722517309435,0.7503759398496241,0.7565887898179918
9,0.30605451247017634,0.8891447368421053,161.65028247500595,CPU,0.8043184885290149,0.8568927713417314,0.8082706766917294,0.8128490326238964
10,0.29532919358462095,0.8924342105263158,161.47890033200383,CPU,0.7894736842105263,0.8271483755259709,0.7904135338345865,0.7778475811956553
11,0.26883024505682684,0.9006578947368421,159.5804203299922,CPU,0.8569500674763832,0.8622261439085939,0.8552631578947368,0.8560293972659885
12,0.25253157228917666,0.9085526315789474,163.50384734998806,CPU,0.8488529014844804,0.8540318913541954,0.844548872180451,0.8453962456289565
13,0.23010673223455486,0.9180921052631579,163.84589436699753,CPU,0.8245614035087719,0.836245266346139,0.8218045112781954,0.8249923232186399
14,0.21466115540579744,0.9171052631578948,164.29841332300566,CPU,0.8690958164642375,0.8744445972828239,0.8689849624060152,0.866993372149645
15,0.18545936068617982,0.9328947368421052,165.1916156799998,CPU,0.8272604588394062,0.8399382569872953,0.825,0.8229859843325347
16,0.1841593198894866,0.9358552631578947,174.26687825500267,CPU,0.8717948717948718,0.8728443296848353,0.8701127819548873,0.8708917913424049
17,0.14477262504545874,0.9519736842105263,163.58045829100593,CPU,0.8488529014844804,0.8525009716209192,0.8475563909774435,0.8475465016999288
18,0.13922264577551305,0.9496710526315789,162.5903610749956,CPU,0.844804318488529,0.8471477039640609,0.8426691729323309,0.8414310403522262
19,0.1708700723112806,0.937828947368421,162.378583822996,CPU,0.8286099865047234,0.8469944694083456,0.8289473684210528,0.8295770450720934
20,0.15011441874513892,0.944078947368421,165.18037799598824,CPU,0.873144399460189,0.8744957779307292,0.869736842105263,0.8708287160752874
21,0.1460539928539411,0.9486842105263158,165.3096407490084,CPU,0.8178137651821862,0.8294870188231138,0.8152255639097744,0.8168886894782761
22,0.1350878058568158,0.9480263157894737,158.52345061099913,CPU,0.8758434547908233,0.8762346027865304,0.8753759398496241,0.8740373069742905
23,0.10596069278269026,0.9628289473684211,161.57791834500676,CPU,0.873144399460189,0.8810431567462723,0.8699248120300753,0.87223644966253
24,0.12234972038453347,0.9598684210526316,159.18570205899596,CPU,0.8515519568151148,0.8653092992101387,0.8466165413533835,0.8474685125841258
25,0.12241268400317303,0.9536184210526316,163.26830647200404,CPU,0.8569500674763832,0.8645674795137162,0.8533834586466165,0.8552015596223924
26,0.08765686018282155,0.9680921052631579,163.0364498939889,CPU,0.835357624831309,0.8495139050666118,0.8355263157894737,0.8332038168340914
27,0.08029913460249143,0.9733552631578948,158.55137054900115,CPU,0.835357624831309,0.8515539896183641,0.8312030075187969,0.8323273212897503
28,0.07593665562637493,0.9723684210526315,159.29226027301047,CPU,0.8663967611336032,0.8647311251454152,0.8646616541353384,0.864293733793722
29,0.11237216267158817,0.9608552631578947,169.4585101519915,CPU,0.8609986504723347,0.8606701925328508,0.8580827067669174,0.8575386189199831
30,0.06743621149676313,0.9776315789473684,160.3571699210006,CPU,0.7921727395411606,0.8148424845382248,0.7934210526315789,0.7904266850146254
31,0.07227955112374682,0.9759868421052632,164.97272281200276,CPU,0.8218623481781376,0.8302279382382668,0.8208646616541355,0.8175080115924753
32,0.07730975224955106,0.9717105263157895,163.65990132700244,CPU,0.8083670715249662,0.8382633645424343,0.8101503759398497,0.8022409421796016
33,0.07738750100926202,0.9766447368421053,161.37717756599886,CPU,0.8569500674763832,0.8599076367728407,0.8565789473684209,0.8546202529283118
34,0.08468936874414794,0.9717105263157895,166.61471011700633,CPU,0.8529014844804319,0.8677657902459893,0.8509398496240601,0.8519922152780612
35,0.057272983718767614,0.9835526315789473,166.4410820639896,CPU,0.8852901484480432,0.888722614971409,0.8855263157894736,0.8841764885046237
36,0.05927337694983611,0.9802631578947368,166.88827432900143,CPU,0.8434547908232118,0.8466163811456848,0.8422932330827066,0.8407281961039029
37,0.042268908490950705,0.9848684210526316,166.43588170899602,CPU,0.835357624831309,0.8458005123355307,0.8340225563909776,0.8330949076173851
38,0.08790576816268425,0.9703947368421053,163.34034702001372,CPU,0.8758434547908233,0.8785247372611507,0.8727443609022556,0.8730948939268413
39,0.04837503974351995,0.9835526315789473,167.74350412300555,CPU,0.8663967611336032,0.8661487644059438,0.8642857142857142,0.8643849445767817
40,0.06673155792339362,0.9776315789473684,167.78156365899486,CPU,0.8744939271255061,0.8742868480725623,0.8729323308270676,0.8732021725975081
41,0.0639785062235636,0.975328947368421,168.6567307439982,CPU,0.7773279352226721,0.8124581327549583,0.7757518796992482,0.7711972890351964
42,0.05982792061189876,0.9819078947368421,166.43407955199655,CPU,0.8434547908232118,0.8651356044502954,0.8357142857142857,0.8359249902167798
43,0.06971914670545007,0.9773026315789474,164.30313257899252,CPU,0.8515519568151148,0.8589360692292518,0.8471804511278196,0.848741978296619
44,0.06095322046819906,0.9802631578947368,165.55974045899347,CPU,0.8771929824561403,0.876136681978205,0.8744360902255639,0.8740786601311165
45,0.04085415838162589,0.9871710526315789,165.10828864300856,CPU,0.854251012145749,0.8687084580107836,0.8486842105263157,0.8493738348563212
