path,window,true,predicted
B/b (25).csv,0,B,B
B/b (25).csv,1,B,B
B/b (25).csv,2,B,B
B/b (25).csv,3,B,B
B/b (25).csv,4,B,B
B/b (25).csv,5,B,B
B/b (25).csv,6,B,D
B/b (25).csv,7,B,B
B/b (25).csv,8,B,C
B/b (25).csv,9,B,B
B/b (25).csv,10,B,B
B/b (25).csv,11,B,B
B/b (25).csv,12,B,B
B/b (25).csv,13,B,B
B/b (25).csv,14,B,B
B/b (25).csv,15,B,B
B/b (25).csv,16,B,B
B/b (25).csv,17,B,B
B/b (25).csv,18,B,B
A/a (38).csv,0,A,A
A/a (38).csv,1,A,A
A/a (38).csv,2,A,A
A/a (38).csv,3,A,A
A/a (38).csv,4,A,A
A/a (38).csv,5,A,A
A/a (38).csv,6,A,A
A/a (38).csv,7,A,A
A/a (38).csv,8,A,A
A/a (38).csv,9,A,A
A/a (38).csv,10,A,A
A/a (38).csv,11,A,A
A/a (38).csv,12,A,A
A/a (38).csv,13,A,A
A/a (38).csv,14,A,A
A/a (38).csv,15,A,A
A/a (38).csv,16,A,A
A/a (38).csv,17,A,A
A/a (38).csv,18,A,A
B/b (19).csv,0,B,B
B/b (19).csv,1,B,B
B/b (19).csv,2,B,B
B/b (19).csv,3,B,C
B/b (19).csv,4,B,B
B/b (19).csv,5,B,B
B/b (19).csv,6,B,B
B/b (19).csv,7,B,D
B/b (19).csv,8,B,D
B/b (19).csv,9,B,B
B/b (19).csv,10,B,B
B/b (19).csv,11,B,B
B/b (19).csv,12,B,B
B/b (19).csv,13,B,B
B/b (19).csv,14,B,B
B/b (19).csv,15,B,B
B/b (19).csv,16,B,B
B/b (19).csv,17,B,B
B/b (19).csv,18,B,B
C/c (18).csv,0,C,C
C/c (18).csv,1,C,C
C/c (18).csv,2,C,C
C/c (18).csv,3,C,C
C/c (18).csv,4,C,C
C/c (18).csv,5,C,C
C/c (18).csv,6,C,C
C/c (18).csv,7,C,C
C/c (18).csv,8,C,D
C/c (18).csv,9,C,D
C/c (18).csv,10,C,C
C/c (18).csv,11,C,C
C/c (18).csv,12,C,C
C/c (18).csv,13,C,C
C/c (18).csv,14,C,C
C/c (18).csv,15,C,C
C/c (18).csv,16,C,C
C/c (18).csv,17,C,C
C/c (18).csv,18,C,C
A/a (32).csv,0,A,A
A/a (32).csv,1,A,A
A/a (32).csv,2,A,A
A/a (32).csv,3,A,A
A/a (32).csv,4,A,A
A/a (32).csv,5,A,A
A/a (32).csv,6,A,A
A/a (32).csv,7,A,A
A/a (32).csv,8,A,A
A/a (32).csv,9,A,A
A/a (32).csv,10,A,A
A/a (32).csv,11,A,A
A/a (32).csv,12,A,A
A/a (32).csv,13,A,A
A/a (32).csv,14,A,A
A/a (32).csv,15,A,A
A/a (32).csv,16,A,A
A/a (32).csv,17,A,A
A/a (32).csv,18,A,A
E/e (46).csv,0,E,E
E/e (46).csv,1,E,E
E/e (46).csv,2,E,C
E/e (46).csv,3,E,E
E/e (46).csv,4,E,E
E/e (46).csv,5,E,E
E/e (46).csv,6,E,E
E/e (46).csv,7,E,E
E/e (46).csv,8,E,E
E/e (46).csv,9,E,E
E/e (46).csv,10,E,E
E/e (46).csv,11,E,E
E/e (46).csv,12,E,E
E/e (46).csv,13,E,E
E/e (46).csv,14,E,E
E/e (46).csv,15,E,E
E/e (46).csv,16,E,E
E/e (46).csv,17,E,E
E/e (46).csv,18,E,B
E/e (38).csv,0,E,E
E/e (38).csv,1,E,B
E/e (38).csv,2,E,B
E/e (38).csv,3,E,B
E/e (38).csv,4,E,E
E/e (38).csv,5,E,D
E/e (38).csv,6,E,E
E/e (38).csv,7,E,E
E/e (38).csv,8,E,E
E/e (38).csv,9,E,E
E/e (38).csv,10,E,E
E/e (38).csv,11,E,E
E/e (38).csv,12,E,E
E/e (38).csv,13,E,E
E/e (38).csv,14,E,E
E/e (38).csv,15,E,E
E/e (38).csv,16,E,E
E/e (38).csv,17,E,E
E/e (38).csv,18,E,E
E/e (36).csv,0,E,E
E/e (36).csv,1,E,E
E/e (36).csv,2,E,E
E/e (36).csv,3,E,E
E/e (36).csv,4,E,E
E/e (36).csv,5,E,E
E/e (36).csv,6,E,E
E/e (36).csv,7,E,E
E/e (36).csv,8,E,E
E/e (36).csv,9,E,E
E/e (36).csv,10,E,C
E/e (36).csv,11,E,E
E/e (36).csv,12,E,E
E/e (36).csv,13,E,E
E/e (36).csv,14,E,E
E/e (36).csv,15,E,E
E/e (36).csv,16,E,E
E/e (36).csv,17,E,E
E/e (36).csv,18,E,E
D/d (44).csv,0,D,D
D/d (44).csv,1,D,D
D/d (44).csv,2,D,D
D/d (44).csv,3,D,D
D/d (44).csv,4,D,D
D/d (44).csv,5,D,C
D/d (44).csv,6,D,D
D/d (44).csv,7,D,D
D/d (44).csv,8,D,D
D/d (44).csv,9,D,D
D/d (44).csv,10,D,D
D/d (44).csv,11,D,B
D/d (44).csv,12,D,C
D/d (44).csv,13,D,D
D/d (44).csv,14,D,D
D/d (44).csv,15,D,D
D/d (44).csv,16,D,D
D/d (44).csv,17,D,D
D/d (44).csv,18,D,D
E/e (42).csv,0,E,B
E/e (42).csv,1,E,E
E/e (42).csv,2,E,E
E/e (42).csv,3,E,B
E/e (42).csv,4,E,B
E/e (42).csv,5,E,B
E/e (42).csv,6,E,B
E/e (42).csv,7,E,D
E/e (42).csv,8,E,E
E/e (42).csv,9,E,E
E/e (42).csv,10,E,C
E/e (42).csv,11,E,E
E/e (42).csv,12,E,E
E/e (42).csv,13,E,E
E/e (42).csv,14,E,E
E/e (42).csv,15,E,E
E/e (42).csv,16,E,E
E/e (42).csv,17,E,E
E/e (42).csv,18,E,E
C/c (14).csv,0,C,C
C/c (14).csv,1,C,C
C/c (14).csv,2,C,C
C/c (14).csv,3,C,C
C/c (14).csv,4,C,C
C/c (14).csv,5,C,D
C/c (14).csv,6,C,C
C/c (14).csv,7,C,C
C/c (14).csv,8,C,C
C/c (14).csv,9,C,C
C/c (14).csv,10,C,C
C/c (14).csv,11,C,C
C/c (14).csv,12,C,D
C/c (14).csv,13,C,C
C/c (14).csv,14,C,C
C/c (14).csv,15,C,C
C/c (14).csv,16,C,C
C/c (14).csv,17,C,C
C/c (14).csv,18,C,C
E/e (11).csv,0,E,E
E/e (11).csv,1,E,E
E/e (11).csv,2,E,B
E/e (11).csv,3,E,B
E/e (11).csv,4,E,E
E/e (11).csv,5,E,E
E/e (11).csv,6,E,B
E/e (11).csv,7,E,E
E/e (11).csv,8,E,E
E/e (11).csv,9,E,E
E/e (11).csv,10,E,E
E/e (11).csv,11,E,E
E/e (11).csv,12,E,E
E/e (11).csv,13,E,E
E/e (11).csv,14,E,E
E/e (11).csv,15,E,E
E/e (11).csv,16,E,E
E/e (11).csv,17,E,E
E/e (11).csv,18,E,E
B/b (42).csv,0,B,B
B/b (42).csv,1,B,B
B/b (42).csv,2,B,B
B/b (42).csv,3,B,B
B/b (42).csv,4,B,B
B/b (42).csv,5,B,B
B/b (42).csv,6,B,E
B/b (42).csv,7,B,A
B/b (42).csv,8,B,E
B/b (42).csv,9,B,B
B/b (42).csv,10,B,E
B/b (42).csv,11,B,B
B/b (42).csv,12,B,B
B/b (42).csv,13,B,B
B/b (42).csv,14,B,B
B/b (42).csv,15,B,B
B/b (42).csv,16,B,B
B/b (42).csv,17,B,B
B/b (42).csv,18,B,B
B/b (4).csv,0,B,B
B/b (4).csv,1,B,B
B/b (4).csv,2,B,B
B/b (4).csv,3,B,B
B/b (4).csv,4,B,B
B/b (4).csv,5,B,B
B/b (4).csv,6,B,B
B/b (4).csv,7,B,A
B/b (4).csv,8,B,A
B/b (4).csv,9,B,B
B/b (4).csv,10,B,B
B/b (4).csv,11,B,A
B/b (4).csv,12,B,E
B/b (4).csv,13,B,B
B/b (4).csv,14,B,B
B/b (4).csv,15,B,B
B/b (4).csv,16,B,B
B/b (4).csv,17,B,B
B/b (4).csv,18,B,B
E/e (15).csv,0,E,E
E/e (15).csv,1,E,E
E/e (15).csv,2,E,E
E/e (15).csv,3,E,E
E/e (15).csv,4,E,E
E/e (15).csv,5,E,E
E/e (15).csv,6,E,E
E/e (15).csv,7,E,E
E/e (15).csv,8,E,E
E/e (15).csv,9,E,E
E/e (15).csv,10,E,E
E/e (15).csv,11,E,E
E/e (15).csv,12,E,E
E/e (15).csv,13,E,E
E/e (15).csv,14,E,E
E/e (15).csv,15,E,C
E/e (15).csv,16,E,C
E/e (15).csv,17,E,C
E/e (15).csv,18,E,E
B/b (6).csv,0,B,B
B/b (6).csv,1,B,B
B/b (6).csv,2,B,B
B/b (6).csv,3,B,B
B/b (6).csv,4,B,B
B/b (6).csv,5,B,B
B/b (6).csv,6,B,B
B/b (6).csv,7,B,B
B/b (6).csv,8,B,E
B/b (6).csv,9,B,B
B/b (6).csv,10,B,B
B/b (6).csv,11,B,B
B/b (6).csv,12,B,B
B/b (6).csv,13,B,B
B/b (6).csv,14,B,B
B/b (6).csv,15,B,B
B/b (6).csv,16,B,B
B/b (6).csv,17,B,B
B/b (6).csv,18,B,B
E/e (4).csv,0,E,E
E/e (4).csv,1,E,E
E/e (4).csv,2,E,E
E/e (4).csv,3,E,E
E/e (4).csv,4,E,E
E/e (4).csv,5,E,E
E/e (4).csv,6,E,E
E/e (4).csv,7,E,B
E/e (4).csv,8,E,E
E/e (4).csv,9,E,D
E/e (4).csv,10,E,E
E/e (4).csv,11,E,D
E/e (4).csv,12,E,E
E/e (4).csv,13,E,E
E/e (4).csv,14,E,E
E/e (4).csv,15,E,E
E/e (4).csv,16,E,B
E/e (4).csv,17,E,B
E/e (4).csv,18,E,E
C/c (24).csv,0,C,C
C/c (24).csv,1,C,C
C/c (24).csv,2,C,C
C/c (24).csv,3,C,C
C/c (24).csv,4,C,C
C/c (24).csv,5,C,C
C/c (24).csv,6,C,C
C/c (24).csv,7,C,C
C/c (24).csv,8,C,C
C/c (24).csv,9,C,D
C/c (24).csv,10,C,B
C/c (24).csv,11,C,C
C/c (24).csv,12,C,C
C/c (24).csv,13,C,C
C/c (24).csv,14,C,C
C/c (24).csv,15,C,C
C/c (24).csv,16,C,C
C/c (24).csv,17,C,C
C/c (24).csv,18,C,C
C/c (20).csv,0,C,C
C/c (20).csv,1,C,C
C/c (20).csv,2,C,C
C/c (20).csv,3,C,C
C/c (20).csv,4,C,C
C/c (20).csv,5,C,C
C/c (20).csv,6,C,E
C/c (20).csv,7,C,C
C/c (20).csv,8,C,B
C/c (20).csv,9,C,D
C/c (20).csv,10,C,C
C/c (20).csv,11,C,D
C/c (20).csv,12,C,D
C/c (20).csv,13,C,C
C/c (20).csv,14,C,C
C/c (20).csv,15,C,C
C/c (20).csv,16,C,C
C/c (20).csv,17,C,C
C/c (20).csv,18,C,C
A/a (31).csv,0,A,A
A/a (31).csv,1,A,A
A/a (31).csv,2,A,A
A/a (31).csv,3,A,A
A/a (31).csv,4,A,A
A/a (31).csv,5,A,A
A/a (31).csv,6,A,A
A/a (31).csv,7,A,A
A/a (31).csv,8,A,A
A/a (31).csv,9,A,A
A/a (31).csv,10,A,A
A/a (31).csv,11,A,A
A/a (31).csv,12,A,A
A/a (31).csv,13,A,A
A/a (31).csv,14,A,A
A/a (31).csv,15,A,A
A/a (31).csv,16,A,A
A/a (31).csv,17,A,A
A/a (31).csv,18,A,A
D/d (33).csv,0,D,D
D/d (33).csv,1,D,D
D/d (33).csv,2,D,D
D/d (33).csv,3,D,D
D/d (33).csv,4,D,C
D/d (33).csv,5,D,D
D/d (33).csv,6,D,D
D/d (33).csv,7,D,D
D/d (33).csv,8,D,D
D/d (33).csv,9,D,D
D/d (33).csv,10,D,D
D/d (33).csv,11,D,D
D/d (33).csv,12,D,D
D/d (33).csv,13,D,D
D/d (33).csv,14,D,D
D/d (33).csv,15,D,D
D/d (33).csv,16,D,D
D/d (33).csv,17,D,D
D/d (33).csv,18,D,D
C/c (1).csv,0,C,C
C/c (1).csv,1,C,C
C/c (1).csv,2,C,C
C/c (1).csv,3,C,B
C/c (1).csv,4,C,C
C/c (1).csv,5,C,C
C/c (1).csv,6,C,C
C/c (1).csv,7,C,C
C/c (1).csv,8,C,D
C/c (1).csv,9,C,C
C/c (1).csv,10,C,C
C/c (1).csv,11,C,C
C/c (1).csv,12,C,C
C/c (1).csv,13,C,C
C/c (1).csv,14,C,C
C/c (1).csv,15,C,C
C/c (1).csv,16,C,C
C/c (1).csv,17,C,C
C/c (1).csv,18,C,C
A/a (4).csv,0,A,A
A/a (4).csv,1,A,A
A/a (4).csv,2,A,A
A/a (4).csv,3,A,A
A/a (4).csv,4,A,A
A/a (4).csv,5,A,A
A/a (4).csv,6,A,A
A/a (4).csv,7,A,A
A/a (4).csv,8,A,A
A/a (4).csv,9,A,A
A/a (4).csv,10,A,A
A/a (4).csv,11,A,A
A/a (4).csv,12,A,A
A/a (4).csv,13,A,A
A/a (4).csv,14,A,A
A/a (4).csv,15,A,A
A/a (4).csv,16,A,A
A/a (4).csv,17,A,A
A/a (4).csv,18,A,A
E/e (8).csv,0,E,E
E/e (8).csv,1,E,E
E/e (8).csv,2,E,E
E/e (8).csv,3,E,B
E/e (8).csv,4,E,B
E/e (8).csv,5,E,D
E/e (8).csv,6,E,E
E/e (8).csv,7,E,E
E/e (8).csv,8,E,E
E/e (8).csv,9,E,E
E/e (8).csv,10,E,E
E/e (8).csv,11,E,E
E/e (8).csv,12,E,E
E/e (8).csv,13,E,E
E/e (8).csv,14,E,E
E/e (8).csv,15,E,E
E/e (8).csv,16,E,E
E/e (8).csv,17,E,E
E/e (8).csv,18,E,E
D/d (50).csv,0,D,D
D/d (50).csv,1,D,D
D/d (50).csv,2,D,D
D/d (50).csv,3,D,D
D/d (50).csv,4,D,D
D/d (50).csv,5,D,D
D/d (50).csv,6,D,D
D/d (50).csv,7,D,D
D/d (50).csv,8,D,D
D/d (50).csv,9,D,C
D/d (50).csv,10,D,D
D/d (50).csv,11,D,D
D/d (50).csv,12,D,A
D/d (50).csv,13,D,C
D/d (50).csv,14,D,D
D/d (50).csv,15,D,D
D/d (50).csv,16,D,D
D/d (50).csv,17,D,D
D/d (50).csv,18,D,B
C/c (32).csv,0,C,C
C/c (32).csv,1,C,C
C/c (32).csv,2,C,C
C/c (32).csv,3,C,C
C/c (32).csv,4,C,C
C/c (32).csv,5,C,E
C/c (32).csv,6,C,C
C/c (32).csv,7,C,C
C/c (32).csv,8,C,C
C/c (32).csv,9,C,E
C/c (32).csv,10,C,C
C/c (32).csv,11,C,C
C/c (32).csv,12,C,E
C/c (32).csv,13,C,C
C/c (32).csv,14,C,E
C/c (32).csv,15,C,C
C/c (32).csv,16,C,C
C/c (32).csv,17,C,C
C/c (32).csv,18,C,C
A/a (41).csv,0,A,A
A/a (41).csv,1,A,A
A/a (41).csv,2,A,A
A/a (41).csv,3,A,A
A/a (41).csv,4,A,A
A/a (41).csv,5,A,A
A/a (41).csv,6,A,A
A/a (41).csv,7,A,A
A/a (41).csv,8,A,A
A/a (41).csv,9,A,A
A/a (41).csv,10,A,A
A/a (41).csv,11,A,A
A/a (41).csv,12,A,A
A/a (41).csv,13,A,A
A/a (41).csv,14,A,A
A/a (41).csv,15,A,A
A/a (41).csv,16,A,A
A/a (41).csv,17,A,A
A/a (41).csv,18,A,A
D/d (45).csv,0,D,C
D/d (45).csv,1,D,D
D/d (45).csv,2,D,D
D/d (45).csv,3,D,D
D/d (45).csv,4,D,D
D/d (45).csv,5,D,D
D/d (45).csv,6,D,D
D/d (45).csv,7,D,D
D/d (45).csv,8,D,D
D/d (45).csv,9,D,D
D/d (45).csv,10,D,D
D/d (45).csv,11,D,D
D/d (45).csv,12,D,D
D/d (45).csv,13,D,D
D/d (45).csv,14,D,D
D/d (45).csv,15,D,D
D/d (45).csv,16,D,D
D/d (45).csv,17,D,D
D/d (45).csv,18,D,D
D/d (11).csv,0,D,D
D/d (11).csv,1,D,D
D/d (11).csv,2,D,D
D/d (11).csv,3,D,D
D/d (11).csv,4,D,D
D/d (11).csv,5,D,D
D/d (11).csv,6,D,D
D/d (11).csv,7,D,D
D/d (11).csv,8,D,D
D/d (11).csv,9,D,D
D/d (11).csv,10,D,D
D/d (11).csv,11,D,D
D/d (11).csv,12,D,D
D/d (11).csv,13,D,D
D/d (11).csv,14,D,D
D/d (11).csv,15,D,D
D/d (11).csv,16,D,D
D/d (11).csv,17,D,C
D/d (11).csv,18,D,C
B/b (41).csv,0,B,B
B/b (41).csv,1,B,B
B/b (41).csv,2,B,B
B/b (41).csv,3,B,B
B/b (41).csv,4,B,B
B/b (41).csv,5,B,B
B/b (41).csv,6,B,B
B/b (41).csv,7,B,B
B/b (41).csv,8,B,B
B/b (41).csv,9,B,B
B/b (41).csv,10,B,B
B/b (41).csv,11,B,B
B/b (41).csv,12,B,B
B/b (41).csv,13,B,B
B/b (41).csv,14,B,B
B/b (41).csv,15,B,B
B/b (41).csv,16,B,B
B/b (41).csv,17,B,B
B/b (41).csv,18,B,B
A/a (28).csv,0,A,A
A/a (28).csv,1,A,A
A/a (28).csv,2,A,A
A/a (28).csv,3,A,A
A/a (28).csv,4,A,A
A/a (28).csv,5,A,A
A/a (28).csv,6,A,A
A/a (28).csv,7,A,A
A/a (28).csv,8,A,A
A/a (28).csv,9,A,A
A/a (28).csv,10,A,A
A/a (28).csv,11,A,A
A/a (28).csv,12,A,A
A/a (28).csv,13,A,A
A/a (28).csv,14,A,A
A/a (28).csv,15,A,A
A/a (28).csv,16,A,A
A/a (28).csv,17,A,A
A/a (28).csv,18,A,A
A/a (15).csv,0,A,A
A/a (15).csv,1,A,A
A/a (15).csv,2,A,A
A/a (15).csv,3,A,A
A/a (15).csv,4,A,A
A/a (15).csv,5,A,A
A/a (15).csv,6,A,A
A/a (15).csv,7,A,A
A/a (15).csv,8,A,A
A/a (15).csv,9,A,A
A/a (15).csv,10,A,A
A/a (15).csv,11,A,A
A/a (15).csv,12,A,A
A/a (15).csv,13,A,A
A/a (15).csv,14,A,A
A/a (15).csv,15,A,A
A/a (15).csv,16,A,A
A/a (15).csv,17,A,A
A/a (15).csv,18,A,A
A/a (26).csv,0,A,A
A/a (26).csv,1,A,A
A/a (26).csv,2,A,A
A/a (26).csv,3,A,A
A/a (26).csv,4,A,A
A/a (26).csv,5,A,A
A/a (26).csv,6,A,A
A/a (26).csv,7,A,A
A/a (26).csv,8,A,A
A/a (26).csv,9,A,A
A/a (26).csv,10,A,A
A/a (26).csv,11,A,A
A/a (26).csv,12,A,A
A/a (26).csv,13,A,A
A/a (26).csv,14,A,A
A/a (26).csv,15,A,A
A/a (26).csv,16,A,A
A/a (26).csv,17,A,A
A/a (26).csv,18,A,D
D/d (23).csv,0,D,D
D/d (23).csv,1,D,D
D/d (23).csv,2,D,D
D/d (23).csv,3,D,D
D/d (23).csv,4,D,D
D/d (23).csv,5,D,D
D/d (23).csv,6,D,D
D/d (23).csv,7,D,D
D/d (23).csv,8,D,D
D/d (23).csv,9,D,D
D/d (23).csv,10,D,D
D/d (23).csv,11,D,D
D/d (23).csv,12,D,D
D/d (23).csv,13,D,D
D/d (23).csv,14,D,C
D/d (23).csv,15,D,C
D/d (23).csv,16,D,D
D/d (23).csv,17,D,D
D/d (23).csv,18,D,D
C/c (9).csv,0,C,C
C/c (9).csv,1,C,C
C/c (9).csv,2,C,C
C/c (9).csv,3,C,C
C/c (9).csv,4,C,C
C/c (9).csv,5,C,C
C/c (9).csv,6,C,C
C/c (9).csv,7,C,D
C/c (9).csv,8,C,C
C/c (9).csv,9,C,C
C/c (9).csv,10,C,C
C/c (9).csv,11,C,C
C/c (9).csv,12,C,C
C/c (9).csv,13,C,C
C/c (9).csv,14,C,C
C/c (9).csv,15,C,C
C/c (9).csv,16,C,C
C/c (9).csv,17,C,C
C/c (9).csv,18,C,C
D/d (46).csv,0,D,D
D/d (46).csv,1,D,D
D/d (46).csv,2,D,C
D/d (46).csv,3,D,C
D/d (46).csv,4,D,D
D/d (46).csv,5,D,D
D/d (46).csv,6,D,D
D/d (46).csv,7,D,D
D/d (46).csv,8,D,D
D/d (46).csv,9,D,D
D/d (46).csv,10,D,D
D/d (46).csv,11,D,D
D/d (46).csv,12,D,D
D/d (46).csv,13,D,D
D/d (46).csv,14,D,C
D/d (46).csv,15,D,D
D/d (46).csv,16,D,C
D/d (46).csv,17,D,D
D/d (46).csv,18,D,D
C/c (40).csv,0,C,C
C/c (40).csv,1,C,C
C/c (40).csv,2,C,C
C/c (40).csv,3,C,C
C/c (40).csv,4,C,C
C/c (40).csv,5,C,C
C/c (40).csv,6,C,C
C/c (40).csv,7,C,C
C/c (40).csv,8,C,C
C/c (40).csv,9,C,C
C/c (40).csv,10,C,C
C/c (40).csv,11,C,C
C/c (40).csv,12,C,C
C/c (40).csv,13,C,C
C/c (40).csv,14,C,C
C/c (40).csv,15,C,C
C/c (40).csv,16,C,C
C/c (40).csv,17,C,C
C/c (40).csv,18,C,C
B/b (21).csv,0,B,B
B/b (21).csv,1,B,B
B/b (21).csv,2,B,B
B/b (21).csv,3,B,B
B/b (21).csv,4,B,B
B/b (21).csv,5,B,B
B/b (21).csv,6,B,B
B/b (21).csv,7,B,B
B/b (21).csv,8,B,B
B/b (21).csv,9,B,B
B/b (21).csv,10,B,B
B/b (21).csv,11,B,B
B/b (21).csv,12,B,B
B/b (21).csv,13,B,B
B/b (21).csv,14,B,B
B/b (21).csv,15,B,B
B/b (21).csv,16,B,B
B/b (21).csv,17,B,B
B/b (21).csv,18,B,B
D/d (38).csv,0,D,D
D/d (38).csv,1,D,D
D/d (38).csv,2,D,D
D/d (38).csv,3,D,C
D/d (38).csv,4,D,C
D/d (38).csv,5,D,C
D/d (38).csv,6,D,D
D/d (38).csv,7,D,D
D/d (38).csv,8,D,D
D/d (38).csv,9,D,D
D/d (38).csv,10,D,D
D/d (38).csv,11,D,D
D/d (38).csv,12,D,D
D/d (38).csv,13,D,D
D/d (38).csv,14,D,D
D/d (38).csv,15,D,D
D/d (38).csv,16,D,C
D/d (38).csv,17,D,D
D/d (38).csv,18,D,B
B/b (15).csv,0,B,B
B/b (15).csv,1,B,B
B/b (15).csv,2,B,B
B/b (15).csv,3,B,B
B/b (15).csv,4,B,B
B/b (15).csv,5,B,B
B/b (15).csv,6,B,B
B/b (15).csv,7,B,B
B/b (15).csv,8,B,B
B/b (15).csv,9,B,B
B/b (15).csv,10,B,B
B/b (15).csv,11,B,B
B/b (15).csv,12,B,B
B/b (15).csv,13,B,B
B/b (15).csv,14,B,B
B/b (15).csv,15,B,B
B/b (15).csv,16,B,B
B/b (15).csv,17,B,B
B/b (15).csv,18,B,B
