phase,model,seed_or_fold,accuracy,precision_macro,recall_macro,f1_macro,train_seconds,calibration_seconds
holdout,SimpleCNN,42,0.631578947368421,0.6323141209709242,0.631578947368421,0.6245711053842804,367.8219635459682,0.0
holdout,SimpleCNN,43,0.6221052631578947,0.6192776884018667,0.6221052631578947,0.6144705921817181,417.59372142101347,0.0
holdout,SimpleCNN,44,0.6252631578947369,0.6292936359367508,0.6252631578947369,0.6234369022015213,431.4323094270512,0.0
holdout,ResNet18,42,0.888421052631579,0.8905320373075327,0.8884210526315789,0.8877863701196554,1523.3030176790198,0.0
holdout,ResNet18,43,0.88,0.8816076539530696,0.8799999999999999,0.8798313881338483,1551.4023614980542,0.0
holdout,ResNet18,44,0.8726315789473684,0.8738806502569568,0.8726315789473684,0.8720778743536437,1544.0072205579781,0.0
holdout,DenseNet161,42,0.8894736842105263,0.8955903862058581,0.8894736842105262,0.8900732782217504,9505.14206121699,0.0
holdout,DenseNet161,43,0.88,0.883680859734986,0.8800000000000001,0.8795695816349063,9507.538803926014,0.0
holdout,DenseNet161,44,0.8863157894736842,0.8883374160745369,0.8863157894736842,0.8868623079663032,9504.606587518043,0.0
holdout,DenseNet161+BN,42,0.8978947368421053,0.9037803144770183,0.8978947368421053,0.8970524520607388,9505.14206121699,80.89125232900551
holdout,DenseNet161+BN,43,0.8936842105263157,0.8938669076210125,0.8936842105263156,0.8931043571912977,9507.538803926014,77.28373318800004
holdout,DenseNet161+BN,44,0.8768421052631579,0.8816243054094717,0.8768421052631579,0.8768980730751824,9504.606587518043,79.71172703900083
cv,DenseNet161,1,0.7618421052631579,0.8202404375224359,0.761842105263158,0.7641337822443814,7719.258971097988,0.0
cv,DenseNet161,2,0.7789473684210526,0.8121261973506751,0.7789473684210526,0.7796816330071833,7307.5452638929855,0.0
cv,DenseNet161,3,0.8578947368421053,0.8597101089148733,0.8578947368421053,0.8572288412027452,7330.427141286025,0.0
cv,DenseNet161,4,0.8105263157894737,0.8373864014808101,0.8105263157894737,0.8121682185977036,7383.496203923962,0.0
cv,DenseNet161,5,0.854251012145749,0.8687084580107836,0.8486842105263157,0.8493738348563212,7365.083336723008,0.0
cv,DenseNet161+BN,1,0.843421052631579,0.8509117769037291,0.843421052631579,0.8439339878802006,7719.258971097988,61.27604246798728
cv,DenseNet161+BN,2,0.8539473684210527,0.8647940388734419,0.8539473684210528,0.8546840606837213,7307.5452638929855,62.48714283699519
cv,DenseNet161+BN,3,0.8618421052631579,0.8633409262919122,0.8618421052631579,0.861743485714813,7330.427141286025,64.06699547599419
cv,DenseNet161+BN,4,0.8552631578947368,0.8625702808936835,0.8552631578947368,0.8555932340562743,7383.496203923962,65.71723658699193
cv,DenseNet161+BN,5,0.8663967611336032,0.8783915621421057,0.8599624060150376,0.8597920227685065,7365.083336723008,67.6421332230093
