index,path,subject,trial,sha256,signal_sha256
0,A/a (1).csv,A,1,629a8814d1282ae7eff03e30c9c902a94f283f878d524e67a8c1286e37499472,22f5d17233e35f32fe41186969f5b8be581a3e1a86aaea2aadd711463e239304
1,A/a (2).csv,A,2,947fd4ff79fbce659f6d8221ef55485d162b6d2fa9ee5d9fbecf7c5562465b6c,9e79afe6031ece5ad50e5c81200c5f7bc32a09c91ed50d9c68d981ee261409e8
2,A/a (3).csv,A,3,148f7dd062b3575f25e605e417be8b9b8bdb3b8d42f90768b915fa6eb1682c54,eaccffa67925d48eb77c92694945598a618856925051977ff676780d86d34cfe
3,A/a (4).csv,A,4,f512233060c87d79f4033f9ee2d08893af0e4297e230a4555732090731173736,5489012c7a933f9aa91bdd73469757e4b8013bddfc2e498f9d2d505a78dd0b06
4,A/a (5).csv,A,5,d8c597d23c8d425fba6d73cf614a8082af6c2e439c126f684c7ec856988d18f5,4d58f63cfebf276dea78c2002b4fb6406b24b241a147132405d650109d847e67
5,A/a (6).csv,A,6,f0d3898a4f2a3dacabc70a4d1572c5aacd45278a7c3323c1bd25521678f0829c,143dbeb889889d7109f890441809cea961224b8d8dba798d5a5aaf210ad09c34
6,A/a (7).csv,A,7,749776eefe3b0a4300f43d6d622f0d68834a42e5e66b529ccd797e6baebf5f6d,cf3123567ee7b227682c3885a812595ce53e9b7517b65f6192415fc17a2d4bfc
7,A/a (8).csv,A,8,f8ed56f6a6dbbd95199843a79f1368bcbb91f067f495171819b5d6eff2747d68,4c063e1093e2ae4b155bbb8bb172ef50c433ddb3a8a2eefd406dc31c8c7553c7
8,A/a (9).csv,A,9,f03e9e0faa27b3cc41103474061adbe0c960dc34f82ef02c0acbbaef17bd04a0,e1709c701eb17ea69d7fca2a71d63080c9327fb16f01381605c1e28f37a78571
9,A/a (10).csv,A,10,5d23a23aa26e4723db9f6c93a0eaf58aa4d537790ef3d04fa7fe304a7ebcbfa8,5875a300205c75900f24be5b34170565e808fe2ebf4af30a3cc2a94d32863a5c
10,A/a (11).csv,A,11,66fd9981bb2ae3d3abbc5932a97d500c8e01cb5d11f468ab180ea225d03b50ab,419383d46c23ae71890de55b26a6a762346b65a47ddd80504ce1248497f1aeed
11,A/a (12).csv,A,12,04a58b5b2f989248c345e720b693e243dad38eae43241b0a2f27607cbc4cd1a2,119a0cf534f4d04da40d8bf1af28e0c455c27d05e010f940c123dc42c624eef2
12,A/a (13).csv,A,13,abb62a7a8f923de4dbca0d348c74cba4865d665cfe5ef2be2a7a346554b27722,03c11c07347e22bcda4b9bf89eb4e707b70350c255576651573075ccfff9b3cd
13,A/a (14).csv,A,14,0223763c161016de479390bb3af4a3d9b3a7b7742de34008e1b30e45633fd62e,a508b0891cb5e8621ea3d1fdfd5a6df4317e8eb103f25bd28dd199c44e0aa909
14,A/a (15).csv,A,15,51dbe6ce26208821205ae8264df7783dc9aaeab1e1040d52170c454b0f386a21,efb0cf16ce1469c0cfc9a0fac4a8cf2f753ddcd14709dc1514837551f7f8ac4c
15,A/a (16).csv,A,16,58809793e1ef6f0fe77e1d50f1a60cc9dc29aaef6a8d53a5225555621510abcb,56cd7c38b6aed2a15d0594af929a54d545a55c9fdbf583631241404152d1ff6d
16,A/a (17).csv,A,17,9ad229b977f43fa63c73a5d35f264b244575e4de2e5416538777e1d32a82fa7f,7d2fbec88062ec78f3ef751b52e11b9f654e0b365fee9489a2d202e9ac29ab12
17,A/a (18).csv,A,18,9e757f68e271424cd0575d7e901ee00607fd9f0b6f37b2beb61ccf031fb3c2d7,b172bfb3373774a75896d14139c5bb77c40ca802e0b599e1176629c4edc70dce
18,A/a (19).csv,A,19,ad99598d02f21041423025203b9fd45b93f69b2747cc0f14ec40a30cbcdaa7f8,c98852947c82ec2de96cb8bab5717010aab74e4cff4d57dfcb6c9162d916d621
19,A/a (20).csv,A,20,44f48804767352c5d22f1baed3b2e4cd2d28d65801bf2c636c48800657f1bb2b,3abf33261cbd13d20f9bf8bd7c60fea08d54c8c69bcfbb6295a7b45e8ae609bd
20,A/a (21).csv,A,21,09b347df8c09e699543cf9c8d4f3f307260bf8608afd163f470596dd715c8dde,581f9033670e2c1c7b6b5eef8557b522fd05c34d53977da311b5fbefc73d8f1a
21,A/a (22).csv,A,22,92f4960c346143ac79c520e6d134e698f70164241398dae14303f42862d68ac8,f13bb102b8dafd05ebc5cbab23740dc50d3dc8a04d44e7e7e44fad66c48bbe31
22,A/a (23).csv,A,23,1dd1b755044b2f8e701be5629453c22eb719d7b824cbc5314d2357a621fce613,264082a2caa0b86c31f6f94394d4aa540604556a332cfcd60fd976b2a8f0d1d2
23,A/a (24).csv,A,24,7b119e0cf0ec4a8a1c2d17264bc0275a6016bec9e92d43d418dc45fe29a0c3f8,e2466b398155274f5134ac0132d85fecc6740cf72487cbb448488c761e052c18
24,A/a (25).csv,A,25,651e532b701b2e1a7b94317b4906290bf08eb79ef3ca26107924796076ce6ca6,5db4aaa7b729d3b925209a3001466d910c27e1c57a722161977fccf7539e25e6
25,A/a (26).csv,A,26,75e7136e932c811aba2954157b4211be983d78d432874449f296e6371d7eeebe,fe650058ac64d92cf518bb15c52cbd68bc7652327d4a16f5256950d8cb4a0384
26,A/a (27).csv,A,27,74cbee95209eed49b456f5384de7692c0df86c56fc488103971a1703ca218fb1,4c9b217a39e06a7f6585155556a0e5a3292dc85277b2147b76af44d2e60b0769
27,A/a (28).csv,A,28,9ea55aaf2b67432eb0f5bd5e90f4b35ef25fb187ada50d663f09f59fe4f007ab,801c9435f455086f4acee2b11654b2a5c2d68a690495e209a5585378bc130f57
28,A/a (29).csv,A,29,db9fffc3e1647b0aa74fc054146c1bdb6c53916e38331edcabef08d54690f98f,f7630754f2a8c1b99e1cc877849c9ed63077ecffeb9d4c9f0d6304fc8726713a
29,A/a (30).csv,A,30,85039e3eb478c9cbcd4fd59b8a47b279c6ebbe2e215a1d9043f187f12dc1cf7f,299534662cf36a3f6ae5c01311974eac9cf25dbb3ca779b1a90171fc89e75574
30,A/a (31).csv,A,31,12430a2ee1237b6c1839963b0e7228f1292489665761508c605d381d4c6a3da8,7a2f1dd1a42d99da5af506d2ecdf73e536c98ef226f1800c0dcce2c7b3df24e1
31,A/a (32).csv,A,32,cbb03d7c20baa61e1abfa6d7524f45b9dfc1f7ab82cd564ca3c44520b36e631d,e5162b4162d15bfaef5bb6daf538ae8282be5c6a855e9950656656c0fdb3aedf
32,A/a (33).csv,A,33,ef40f6a916a72cba48aad95d65bdc66436064e6adc77b40daca9b97484c15390,76d8d7cc8730d986be3f36919e01e0d9dabe0d96da68ed1af4de9e5e02fc692e
33,A/a (34).csv,A,34,4651b7e2690137ff8cce929606eb94d2e6a61a360e6f730a84f36385ae6143aa,3c713b155007d8e24749ac63f6e34c6538dd2a5b59ddb90dcf090f2c5b5406bf
34,A/a (35).csv,A,35,c56dab67f949c838817146d38c1cb75008eb667643af98954f710a373f3b0985,6e9a9b0b4a459d11c44dde62fae738bf3de689dc80de1eb02e1d222041450328
35,A/a (36).csv,A,36,b6f2899a3ce41819d10d8a222b794de117e8dadad86a227040b136a5c34d9e9a,ee6b929c5745300930a1c07620f708c7a6467c1bad7821351b0343e9ea5f17ac
36,A/a (37).csv,A,37,c2edf7bd2b8a6241d861d96ad1ec8e79f18f5b5fd189c9734b618648966edac6,ec7c977377a482786c0430635242bf58811e36504a0fdec53ffb3455c9b4261e
37,A/a (38).csv,A,38,ec9b8515beb2cf0572ef0e22f3a333e969c1304191f28f5d47a154a6a07d68fb,cf8c0683dc1045508dda6117f60a8a78d6c92c02aeff0a0ec87871f606b53d31
38,A/a (39).csv,A,39,51ae94079574ac7e2d019c68c7225aca371f415c17bdc20087b9a69e52e78568,b40d59d78348f084c2e9f859f8121e3adfe076581c526f318f545b1504abe6c7
39,A/a (40).csv,A,40,affb7566b78fc40df049605515641ef6ba8a8274655ed838059433a24ae99c3b,fba73cd605af17f939a9c184c0e2f67b87d19e8359716a9297be49ca0e31cdff
40,A/a (41).csv,A,41,89bf954d320dec4b2a299e9a05cf149f431bd52b40e3bdd88f9bbffed8265b55,1d364b8cbd9d95e87cad337696b340c84ae5dd400babcd084179dd1303c622bc
41,A/a (42).csv,A,42,87e56e5c2d9a84752d157fc2e42a1674dc3472513f6cfdf694c56e769c11634a,f84bc4caa15f96d6191bfbb16c62c4e58e77795a702b88e57b03dcd18bf60b00
42,A/a (43).csv,A,43,086b7d60f53906a088a97098c41fe398363daee715256b7c5839f0367c9b12f8,197d8883a3ebd8a4fe8c48f397e12b98c8500e357254b27f6c1ef9723a1b021b
43,A/a (44).csv,A,44,a09b75d87582f63249e8df71fb0bed5da91e6b89989157a07cf7b8699d0089ae,d824225cb1ed58a1c31bbde5444528eb23eaccfef863a3d50c7d7a1cc107c8d2
44,A/a (45).csv,A,45,16473d7d47d09cb2be3bec09181703ab126e4fa6e5acc527f7779ac2f6eeb5e1,d8ac9a2e76a46e03380d549292d51a543beaa7f9765bc3c50009d8f775db1077
45,A/a (46).csv,A,46,c0ab53e80f3e3ca359c3c4e70b77128996cf2bd742f02a765d49099eb41ea55b,a3d1fa54eebcb042408690dfaea0c03af20327db1aacfce51b7d0d3fd3179855
46,A/a (47).csv,A,47,c31ef4427e3c4fad6a10eeb2497bea7d75126c4c365d685caf633f4a1bbf2d3d,44d16279229aaa4b3e7d5cd35caa2f4fc37131c970bd7121a618510c82ac41f5
47,A/a (48).csv,A,48,7f344912efa9d21c48476dd7fac66572a513580bfa5641e01935697a07205231,a362515e683c318b0dff25f84594803681f8158489f986fd48e41c95cfeea209
48,A/a (49).csv,A,49,0e1c9a815c3936f093d1ce71e8fd7446194d2b26799d889d985be7affcd21942,bb12314deb3e094db9d83c533b46935e1404732a630608fa636b3d258a151cea
49,A/a (50).csv,A,50,76635b998f6b0f1d8cf10ec0f6212436e3563b3fe876804e6cf1a725ea2a2980,b08d11672022d0f2c205cc2cfc3862f0c8214eaedb1c7f891fa56cd3cb765c4c
50,B/b (1).csv,B,1,42cddb41d552d31fdf437d732e2f1c661c57caf48bd205dbb16730c7516a254f,19ef6a353dc507b93bb3144904022f13c10d3b5bea956e5313733bc213b8155d
51,B/b (2).csv,B,2,7d951e447ab6882bef8427f239675720a59ad7baf2043e4cd53e4f91264589da,48a2439a7b70a1b6d1a4604872e6e670870c9edffba575390926db9f543533b8
52,B/b (3).csv,B,3,00e26958a0c8f812058379c788309236fc9a668c749e2f61001b447b2abc7bb5,f88271d12ff8b9d0e35ceb81a26da0b00a0a989ba667b197f2b41b4e1c08891c
53,B/b (4).csv,B,4,f2937e460fc1116bc60a5a8f7e4d8d6d9bad9ff7575895cc44c8fab827bb78f0,a0270c9037f0cf15541d0a7b8703b950cd649abb4cb1bfb64d130e02754eedc1
54,B/b (5).csv,B,5,4cdd2290df2e2bfe2e57f3fecfad05a0fd1d56d9ec2166ad3b3518c0f8e26f75,9f42a89ba9e5e78872104e9d6c5f339bf76272124b3615f1103468a7f1b6810f
55,B/b (6).csv,B,6,ff78524b10252062a457647eac2f044f7c38be836237dfb2106be1e717e3e4f6,f12de20609970dcd05663db50bd4711d66e7d40f7f9c524176001d6a1fec0343
56,B/b (7).csv,B,7,8df27cbc7cdb2456ab16dcd7fdf327cd2f7b0be7c3185894986a785d3815332e,f0b472b540614811e543bfd03b98352c8729074efb577a37d5ae904f0a7992a4
57,B/b (8).csv,B,8,f21290c01db7c64a98e84e55bafbace59e3b24bfe5c1550482399225d700ed61,ab9d73257b300658d74cc8b64868488f95c6fe28ade1aeb2c803daff8e2a6383
58,B/b (9).csv,B,9,d4dd3b940c26bd098730030379ee0493b258c0400fcb1fe1ca8d10ceb431cb9a,2b8617ddcc75a5c9b9406b71dec178fd50e9aaea405b0716d31e7c849e458be2
59,B/b (10).csv,B,10,b1cb0a5ed49eae7972a1ec374ec0ce0576d9aa611401f6e3d9b4dc41a3b02d7f,aad00a5e1ea24896ac5f4517ac894c80ad177a0edb1389679158d3112aa0ebe4
60,B/b (11).csv,B,11,7b4cdf2b8bdc31fd399a071b64d05b1e4eef19712ed3b84e018b15a9f08cb26e,2a638594ef37a55693cfcf962c29975e2cb2b2e39f1596354ebb5fd4abf6fd24
61,B/b (12).csv,B,12,97a1ace26862bb2551dca35f192ca5ec92bc72e043bf4111f7711e8da3b0fc57,8213741917216aa5b1dc763a9ebe510f32f7dd2ad1139be2717b7b20f532d479
62,B/b (13).csv,B,13,56a2cb4e52378aa9f94626ef8e1c12ec75be04d76af6f3e689365a4f86de2fb6,378a4b3e1663b2cfba3f9e9f343d9e53b34ad2a28868a478776280ffc80d639d
63,B/b (14).csv,B,14,d75cc6602ddac1c123457af39cf71ef9dda7ffaf0187e8a87ec9501e5ec0d50d,8f4d9645a679762c73a5dcc77e05f749a3dd67af72b03245b5f24f9726f972e7
64,B/b (15).csv,B,15,e9a0eb7eeb4007d0267d475e926d9d6074d782f1364cb485cfc702c2b8c843ba,1c1c0316125dd7a71a5f1f294419d63b1b57c4ebe92be71c068e294b55e042d3
65,B/b (16).csv,B,16,c520e991e9d22bbe9930ffde35aa8a0bfcb0d17fb8535e99c84271b018fda29e,1062f66f0d75faa0b3fcea2670e890dcd5391fdd0b6a5ec579e8ae06ff5a1b64
66,B/b (17).csv,B,17,0a1cb44136b79de0ba5a32b33ef6b4c538d4a91ce4b8aafa4e6bb4aac52dc095,f4cd3a4e9f942a95dcdf039782ec5c81bd14fddf4127f73f8290593f984768d8
67,B/b (18).csv,B,18,f2064a2bb7d410261a179184bd998a0761e816230905fe7e5f391ec0dfdef384,89d58b08b5543fe61a3c0b1117eee6c1298d8b910aecf2d4ab13ca47a6cd2a29
68,B/b (19).csv,B,19,abb0529e9e05f8a7d6f9e3fcc04663707cfb5e46512a72f4034cd9308e472961,5046a8deeb9320ef503d89c151d44faea2eac370b889258530ed23b76cc16ed6
69,B/b (20).csv,B,20,92ce0de6008843d6b0072cb8799096a7eaab74bd1d0178289b829fe6c6ce56bc,cb386ccb4652be58d0441165ec52e9a72f496f14120eba30063f445ee04f266c
70,B/b (21).csv,B,21,3c6eb1fa2a1fed50fba39d28aaff5a9020461d5eb4f0273e7d1bbcd65db2ce73,f25f4a19d4376c52b992cfbb09485fa9f2a4ea51281de936a9de40f47b3c8bb0
71,B/b (22).csv,B,22,85e8d2b85c200a61071ea68edbfff7c6ff7a02ab732839600792bba0434f67ae,0ab9177a093e87ad27f4077ec34e20e05962c4121c7e61060f93398713846a8c
72,B/b (23).csv,B,23,52a91a37d03024a1059609d054a0a5916da2cbbf997f46bc65cb9bcdd7b3ac0c,3f56ea468cb3e8a66e5f5eeba297551416a9311b65c11c966f5538b55baa8abc
73,B/b (24).csv,B,24,decc0c56960ba890c218be853c065dccaca3e53d65c460bc888b15c598077375,ae9b9f06bc93f59e68c8b340ccdd6e95db31cbf4509327e3a48e7a32b582bfb9
74,B/b (25).csv,B,25,f572e5cca7c6c30c12fdec2d18d09c32c10a53462d24f147a9a57f96a637e2e1,c33acdcf92c9b7cd85b5340be5f16f72783a226580d813194df090afc952a68b
75,B/b (26).csv,B,26,c7ccd86d5fc213c06f05e926413eafb10967552c56f0a7b443aad12e754b076e,943ab083234aed7e62fd4410e94647121bb2d080b19020899f96eb707dcd2527
76,B/b (27).csv,B,27,396ee1b4a2cf9829e0562f2fb1478e6d220c33eca9f738a54cac616ae547c664,d1c7f0a3fdd48131cf999d143b61714f40bcabb9abb45de4cc7ed0112a8ada22
77,B/b (28).csv,B,28,7a13adcecd6689bdf5992e01db4a118e739a4b01205992166ff083cf5409fb27,f026588d69f8e55d196350a2dd7ab89bce765197fc7bf89879f369ed8ac5fba9
78,B/b (29).csv,B,29,e777ad59039ef2e6a2b809ea9beae6da9e3ecaec22c436eec5c3f88cba0624af,4c4d6a27df309a3b5c147b2c9a7afe40dd2c8dde01d20801b8228648596a7737
79,B/b (30).csv,B,30,a2545b3f43e394c651c25421dcaebac3bc8be2cca5f075e5a20b6d71a84143cf,d4068365bc3f4363a1dd7b7833d021ca8a6f9e1cad4645102018a685130a945a
80,B/b (31).csv,B,31,01930e38ff368c12131c8b901bc3da0e5247513eb0996a356331a675a78cc934,154a5cf537cff64cbd981945af1a2b2afd1ec60dbc959a15802e21dbc26b7304
81,B/b (32).csv,B,32,2b9cc8572a2f99a5c87f1c19367305cbdcb9c1ec9a9747b08df8266f0ebe6b93,6b1b25e5a84efac434b35407f01fd52e221a923787c2cce160b1719460abc0f9
82,B/b (33).csv,B,33,f9f7b8771525785497d6566ead81953bec052b5cf1c03971cfd74224edfd48c5,6581f1678c239b25aaaa6bb63c230d250a3989674ef961a632461540dcde6e7a
83,B/b (34).csv,B,34,c53717f8ecac3fb72ce1e5900c9c3d650cc41ee7e7dc083b09917b39eb4e3c09,c2227440d0dce12b84aa4b7faa3da21545a0b2439c473f925f9ba48d4d03552d
84,B/b (35).csv,B,35,c499639f4ba487757af8ab6b95e47200eff61f30df07106092e3c74f3e026f6f,cb2b55c320b44f8bcc2a33d6ed669a2eaabab1c3898d239b7c8242e7334383d1
85,B/b (36).csv,B,36,d7d613d2186f4de0d6003bb40b0addc08973193d028f0268a1d5df1ba2fb97d3,82deb739b5354b312755d8213cfbbdf84ac65548321f834e34ed22b77100a392
86,B/b (37).csv,B,37,4c558baaaede77c5b475246302dd280aa56207c2566e88eb033507a298745b07,d42b40be0f8d9a2d7e7cd5f936c0a43af4e602ee78698ab0d0c2391616b06079
87,B/b (38).csv,B,38,b1af0c385667cf0abbc9a8cdbfedc97042b8ff4ce5e6114768c20918e2fdd06a,a4f14c58d450b1700b4761236269b8a56809caf52b1f14fdc24a2d1b5905d1f0
88,B/b (39).csv,B,39,b6849a6ffc0a334a00d4e745a7e86ec134ed26fca1474247f4b85d8795bef3fc,25e542a1ac9b30735f8dfc764796f6c3c5e775c1c92d8c2efd4312b915677818
89,B/b (40).csv,B,40,58efeadf520c797c2f2f1a4c94e30751fbd3f34b315062613c635bb14fc452a0,8328a907975913550847be06f9b537ac37ac90b734846d32fc27ef360135230b
90,B/b (41).csv,B,41,4da3366668addab5b7901e5457843d24eaa425d0f81de98d64fa25557470a1f3,c670b5d11ff0141757ec3f2afce37647d1c8170056f6c3c7246194dbeef69332
91,B/b (42).csv,B,42,f4dc4dcbca012112f16c0d1c111fe95534444eebc11d2e19e23f8b93dcb3a299,cd657b3740e6fae3bbd375bb73d08466f41ae4f113c70045c2e0fccd7a24456c
92,B/b (43).csv,B,43,265f89bdc0185db6080e5e83c5f03365b2d1a09d710f8c2610ffd2c0fcfc3394,1524d62b3168e655681737fc5eeec143b4e95129385082092db96c44985174b1
93,B/b (44).csv,B,44,1f1fbd7200ad1742669c403dd4b2351af918450d47423191f8cb37230104a934,1128e53387347f5ebf7c5c519a6bee2cf78465b6aa954b0db89da3655e8af46d
94,B/b (45).csv,B,45,df7e8a4ec398677f4a4cb337b6bf05be188e918e0b84961b1f1a5a89df6e2af9,dc4f6f50ee8d92304d48821c998b12d1c4cd6fe0a9e2f7e7a73b3e746893c029
95,B/b (46).csv,B,46,c0adeb41ea1f7bad189813bf0e9a524caac41325b59d2167721b0fcf7b7bb3b2,df45e5e96dfa2ef199487bd8e35359e7ab4664c7ebdfd629135bdef1011532f9
96,B/b (47).csv,B,47,5c319e9e44a0bd92124c18b3fa7660764cadd6ab04f06d4426870512a0e3240a,a5c92ff8c94199ae69ed03f83855d1d481273a5af1dab8a631868486d35141c9
97,B/b (48).csv,B,48,941222fb24bd1363725b888359f8d1f0cca8ca75445de4b9954e82dfa2354483,328a323ff128e1a0893083d79162ede3bc6d7d40625257b20f49c8d4a0ff4d2a
98,B/b (49).csv,B,49,14916aed30d781754138ed1fde133730054535950cd34805ee71cce50aa97622,2a194023cd4c673a7813ce4c4e7d909fd7c937c7f172e89882da701d3a4a8909
99,B/b (50).csv,B,50,dae9084dbac7f986ac9839cf4e1de5dfb46fca317b170a1f5490a053e46b2f1f,4770b435e25ee7c23710a66209767f5f9ceeea5eafd6f60bc46fc332c50fb555
100,C/c (1).csv,C,1,92ee85eca28cf586482b903b9e50c11bde114fbb1ded2229151b4ae6abeddac4,e98bb28c0f2e392072c5e7f65dcadb9b568179893a4326e572c6cdfc7d26f935
101,C/c (2).csv,C,2,3513f419358efcf5cfc742183899a59ca1abcb9178ac9eb3f8dba4d785ee9569,59616e67317772fbd9283517241e44ee03a790296a39ad056589a76248b7c17a
102,C/c (3).csv,C,3,3a268a369e897cd545f75bf5d898be5db1cba5b6c035634bac18bf4d09593697,f35c6646194d5ae666abbcf1e64ca1f822f76824370864cd1f8919d4466d8c26
103,C/c (4).csv,C,4,c85d119a3a6c8d38f69e470c78fdebb755b8f58e191639af3a93a1ae183cc2cc,17d33eaca631dd4c527009acd95aaa95e9c43a0e29734287a9e90d2a52eda50a
104,C/c (5).csv,C,5,6411cecab3e87b7aa4fc5d11da242f64b4cd746c90355c7c3740dd8292de1e30,5cbe1ff29832375d72901364b12cfa9c5ef4a1937a18565300dfa996c5fd943b
105,C/c (6).csv,C,6,456c685dfeccfe45df700afefbd5cf0bc96b2231226f1a8c5fe656fd50ae9989,4c731d3982819e1b53948287bdfd632b985fb958efa1a4f7b9fd8a46a7760f56
106,C/c (7).csv,C,7,2adaf9a78163a70515f5f3aeefc642d379fad4bfacad69d13bf6842d13b059a3,8ed62361d68f05023d75db347bf660f22513b8af07980e6a8ecdf8848d7ef35c
107,C/c (8).csv,C,8,8a4251b7350bcb6d4f68b09d8e7621aa60ff0635d2c46b685ecc0eb1106cbed6,5456fc3f3f2d0ebeb66a4c439e119dab6aeb7f21ed03c697fbebea27f023a86d
108,C/c (9).csv,C,9,e9fb9409a7b9fb108e1f1e5fe69a47870c678ac7c6f3236faba672e1f8d1a216,254811f6062139b9d6a7685b1c16c51049e9ab17ed07021c882d834773a90fa3
109,C/c (10).csv,C,10,f01ca30434f4242298fca2b1628400e1ef6c971ce208cf8a6583f0b57577ae71,0b0b98e31442649e4c10ae64caf52e72204a56737d4c5e15e0f29a0bc219a431
110,C/c (11).csv,C,11,6c48786fce0da3dba51f76de88ad46d65e4280a2f93ffd975e929a50095e02e0,83ae4ce46c69431bba52c10f12918b3df81399a09bf123f4adceb9781f8caa28
111,C/c (12).csv,C,12,5d7722225c7f887620ea248dfc721f79608012eb0c4e4113eb472bf88d17e693,3de6ae39b91803ad3a26ebba4b3adddbdd02d47fd549831ee4c1018859244c06
112,C/c (13).csv,C,13,41597789a0f17b454e917dfe3243b7ec44a5f3047e9b12a7515ee2eabf0e89b3,29801d5f7f100e11bd9ab430cb0b73430002ceb994b0af7123861b5e240af87a
113,C/c (14).csv,C,14,cc5daabcf098390a358624c9c3e5ba007a622d1f2bb343fcfbe0ab6174b3fb20,a2dee09ef8d4ba240605ad34c17f07e806546ffdf7ba67d000c4589ed132ad43
114,C/c (15).csv,C,15,b7a2d6c454a7114f3da0a00187b023888de37e10ac8df69fa5b2eadae6fc3249,9889b0901c1cb7ecabeb40daea141a1eada9787b39e8a85e23d992b241c28f31
115,C/c (16).csv,C,16,ac4dd743dc3c8ee850892e349160c477d38d691cafaa56ee6b6e36c70ee176d1,8d9eac61789f2ec47dbc0a12e6d224c25a868bfa31fd1488a287978a098b4b20
116,C/c (17).csv,C,17,d5a778a6c65e233c79737f11bbab276b2ca76b2e1088c8f6cc5669cc78948e21,7a2c7c5d95755144228126089a81019168ac65812c575b6bce987a3f0cfc73c6
117,C/c (18).csv,C,18,92070e5a51b29f00605e59c2564158f846fe386d549a9f498d558770051dd1c0,b9d7c99b6e4e950ef7cf3492340b7728884c87435a3aaa4932b81a7a1edfd45e
118,C/c (19).csv,C,19,20da03f73caf3ae9394f22839ba9afc49e6c5b812d6137b4316f673183327eb8,a7ee95b41ffae216a0e6ad80006bc9ed630b37fbf10cb9793245c75b6027db17
119,C/c (20).csv,C,20,c385eec6f52c295748d230c00490682c2ea94e9db0dea1ce0307953cfd387343,06e9a7eed1722d776fea340a276ea5c393a4b2584e0d9f63f3c890db425f0137
120,C/c (21).csv,C,21,944f73652ad7ed095862ffd98fb30f1af12a852159d6959c863b5660699b33fb,407efe14acd34f0aaba62013e3886ae399f25397da145024e94d8f48f3eb8854
121,C/c (22).csv,C,22,2eb2a8e7f2be87463692737166b711d1f7c9dc742163aeff76c68f2743fb0c4b,e0dbe69d7384b5c853d43eab7bfbb533c8780ee5d903394931fe45d7cedc47a6
122,C/c (23).csv,C,23,923a632b71b2a775f1ac8670aeea8a147e1f752178fc41609148140e34cc1450,72a1630b5793e076dc47338b3a2ac40d99a97de581aee2817b324cab886c2eec
123,C/c (24).csv,C,24,6d1a4ffe2329711e41cfbaa209804ec1024defe09a0b4cdcf4f7175c19226a1f,4ae37d240c301222407df06d3b6eff9da709d9cbcd9b2ad1e7d2e3c744879ad3
124,C/c (25).csv,C,25,350121e3beb2b4237a681d8bfa97d63dc6d1ac4adf1479ecb85717507679192c,ad6901bae250a419ee02bd72c58430d89a2df8eb38e9987d6218e47329d840a4
125,C/c (26).csv,C,26,86431e3dd325921a9f086bdc95ddf7c2342c32c9fd6e534097a769ea88b72428,6e1076d8182d98945d00c9f7e9791b47481533273850d7d1436badee48933e0e
126,C/c (27).csv,C,27,6d710e1e2be32fcd9b2ae404aec51b7bcf3ea3b1611a95a1c3354ba75c537732,e90adab070258cbed144e33868f77ec1745167e4cae84fb71daa31411c9277e2
127,C/c (28).csv,C,28,ec1cd8f6c3b468a00f67d9fe68b681aea981719f0b61b7775d993b827686c2ab,7c537fe3ded736cefcb879207d67a55b2f0e405ca0b100d0fc4c02673a189aae
128,C/c (29).csv,C,29,1c1d85d72b55ad86b91ddb08351166c35cd8b175d6aad15d9ef3ba92bcce4a91,a03b46f4f52c391cda0dd98f91207ff44cadc32f7d38041e1ec5227a6b3f71eb
129,C/c (30).csv,C,30,6d2da38b0e91e73df9fddfdb49daac89d794800a6865df097c77773457a0e673,95dfcdc15622548a3df52ecafcc38d1b4afd0dad861a2fdcebaff03a8cd9e9b8
130,C/c (31).csv,C,31,6562bbb53320810980997507be903be490dfb15aa1fa1bc13e8044f082832392,57925e4fe31ab7ec18caa2b2f42b9df08a32d6c5618e3a0ba36e220889d1234d
131,C/c (32).csv,C,32,204801f01985e340d3dd651127b699b1ac72c4c9277a22ac73f406eae4a43e09,d3dbe897bb78db9d7faa5b09c1a6c415f4c7efedc8418dbace3fe9e611f8de61
132,C/c (33).csv,C,33,585bf856ebc8e3773fd99ebece9f0bb6f75544e6f7dd95693b0a36bc11942c04,e633dd4488ae86be1814f1dea3573fc323ab6543e7128120f9045272c53cb52d
133,C/c (34).csv,C,34,80ca2e81bc66f26f59417ac33035620f81fb3d82d0f81ca5bae1011a888dbf5a,6b78c4b19c1f0a4bcc2c4cbcf87f1d5f5259ce3be847910981ec12386aa050af
134,C/c (35).csv,C,35,e8256a1888b06cbfa95484e4d7b01b20d71aefd8a5d5f6b55389dd59ba951fab,8e67e3890610dd7b09194abdd902e25bce124c75e71d5a2b3ce40d6996f06a36
135,C/c (36).csv,C,36,b8b67404acead9f02704374faec03f035de48365e4a2e2905b476be0b142b1f2,cf3a75464af8d3f4d0d854de460a9876898ae3ac2f8f87bdfc1be0dc466976dc
136,C/c (37).csv,C,37,6ee36706ecf8ebd3dbeb417d1a60725fb26a0533e50981b3e67b6491aae04a90,4949728183b5049351ed74fc2bd17e1c8602966219f9d052f52c751da6de5caf
137,C/c (38).csv,C,38,7ad5c0246f5037d980133532dbbb6e297ed91459939670e5f18a13b44cd0c658,7834d814c3fdb711fd0d104de2bd995203564cf96a087a6a5061a0fceed7911f
138,C/c (39).csv,C,39,87fbcc397456e9bd1e66edd06da9972afc5c1d40c7c85699a14d1dcb8cb0d7fe,91f61c57d69d3652f6b5213d6e0b796b17316be44704308712d8818e69b76004
139,C/c (40).csv,C,40,2f4b05a956eff1d0be33da033dc996f2f5ed38c8e79675ca5f4b4b5bd1b3cce8,1215fc3f233373847c79e65185a4a485eec3184698ca6eaba52e008f281fc01d
140,C/c (41).csv,C,41,23d9d3af72231be89d9e1f8decc66646500232e84e088de47538aeed7de22899,c961a3450d9bf5063a2b86a76ff33d68d916de740b2a396181b37beec797ae77
141,C/c (42).csv,C,42,3045fca8d4ea493ab5a6eb0c2ee058603d578488dbeaa62e94fcee2d2dbeabe0,05552602e924a66eca0b7fbc20d5b5849abd97f0aa4e9aff4626f01eb41b6541
142,C/c (43).csv,C,43,d4cc9721ab55cfdef192e7dcd376ba29deb14f32976c6da1a324125470ea4af1,821bb695c5fbbd2cb5875363c85a946984a742193992d984b29fa747300d8ced
143,C/c (44).csv,C,44,928cc9eca010ebaec65d3ae431d1a29e05c0d57ed1813e4cfe88c264e3c39201,5bbaae2b6c623b5cd19930c5a5c8d469d186e70d6025989707170b3b5d2a9747
144,C/c (45).csv,C,45,da95666e708dbc15941f2ab79028ad78fbc9abf153b04ee424adff355da397de,05b95fe38ce8f3958870a97dc8539a394eff92850c7ded38066a86fa5cef79df
145,C/c (46).csv,C,46,94115e282ead2893f287e5a67501ad59893d7ff649975998aaafffe9b27926e7,4cc6e900aee30ffa8e428f0782dcfd3488c9c59f27a9776d5369506155136bcf
146,C/c (47).csv,C,47,847ce97468b2f88d5b3c97eb1824f75731c5ebc46b5bf18b41bcb5bd547c6313,218ed76fd92cdd6598dcabab13e55a4b211cc680ebb6145ef4c8a0e26a775aaf
147,C/c (48).csv,C,48,00eb344d97320fdf32f0ca5ce8eb08f910b542e5bf55f2df8748238093e16ca9,f7edac97ca41d5d06fb0a7ff236b7968763b42c73e1f935afb51c076ac288c12
148,C/c (49).csv,C,49,6e0b37f54dd0e758f0bd22bc372d172ec426c96d96d0efabfc425c624b763074,c1de3bcbad27cd704fc4ad5566cf68a6bc855e81dd6d31c54ce99e6895e22848
149,C/c (50).csv,C,50,d7bb1f01f7a47d72ef21b6fc0bc61cd448b0cdbe4f2da738ae2dd5b58169522d,2570176ec60688db2d51a064f9d3cbaae5a78dcf2bd0723619c304986a04d6f3
150,D/d (1).csv,D,1,fed3b336c7cea01f0c2a5a47477e57ed6eb70514f98fdb6f934a2048da2553b4,045ccd2da48376eab9f85d410170e2576b8f3eaba1f338fdecf185c06958e058
151,D/d (2).csv,D,2,845d1613ab7859624f85fd6dac7f5430977d3fbcf97624519df6ef571d9716c3,172aa109dcd77aa918a8f674f7ff168559b59c8c3b699975bd450e3c7da783c7
152,D/d (3).csv,D,3,464027e2430f2443849d5a8fcf45c1e8654ef9c7aa5d2060f26657e4e426102b,124a2ccdc20bc4917611ded7c459fa1d15feaa8d7e5cdcf4e5ff7d9378989913
153,D/d (4).csv,D,4,6572c45b429ba692fa79ecea85de4a374c2da9c826827ad7e2abee237139075b,9bbd9bb0333a3d12afddc47a9fba2e27467bd8784385bf14c30371c867c9fde9
154,D/d (5).csv,D,5,1b030132321b4fe49bc6479f1b29312f52c0a5618579a8a038c52402d9984bc3,96dfbda4522d80de173643af0a3452e4556661b761d1139e3a84349ce86c3a67
155,D/d (6).csv,D,6,1ef035d4104ff93294a067e63268220f4bd53cd8861beb59c0fb0be32379eba8,9183df6d3513761aaddd0f241574ebd9bd96c0dd062fde6b843a4570e43ebcf3
156,D/d (7).csv,D,7,55a5b441a23d0d9d2818de5af8df42d3b04ddfdec96c4b65fe490c0207ef3ec3,59f4f42afb1887411e5fed982609cd7e602e23a0db10047416b254b649b2d98f
157,D/d (8).csv,D,8,02d808a78788fae13cc8f5227bff4f37f40fbf0d4881a695b662b22301888496,cf933fafe198aef9d0baeeec31d99dca94df4c97b42820e795c9b1bc4ed9dfc2
158,D/d (9).csv,D,9,8220abd4119928ddf52c345bf9445355f9f2431c6f6d70294ec297ca9a4055fd,7a3979b437224fc928bd160d54ec959ec19c142f46cd204aad61d0a679c1f0c0
159,D/d (10).csv,D,10,4d0c6757386428b5feec7a6984a8ecd60ced47181518e9513420139e5ab91814,a5e6fbaab674ee7f4fefcc0a57766fec6935c033759c57d4181652f6b3079c0d
160,D/d (11).csv,D,11,154e27cc2186d63b319a67c65c976a18f0e21663faaa94ddbf11dbdf1cc1be73,7a5abfbcab793dc9ebcd18cdcd82576b8cee118dff00d30f0fe8c4c166da23c9
161,D/d (12).csv,D,12,8953245c526726b872a62975ccd62402b7bf103b103d46a6010da2a4a529189c,6b3ffe55f714055d03b8cf728418d27463e5db255759a7ef136849674fc6d258
162,D/d (13).csv,D,13,38e1e4b6a1881d5d90f1918ba303218ff2dfa6adc07bcca53c26fd01facd1d1f,03746da6f55e12086623e849715f034db700388b1b927c1c245665400acae606
163,D/d (14).csv,D,14,d7bdfc7387a2ae229a8017214259e9d15f35cf87f94e5d21b16c76eacde88739,9cd4990d886238cb29aa5dea6dc28d67ba86025e093b70b754264f02226e6758
164,D/d (15).csv,D,15,59944b3d3a63b92d5ef19c922761cb6a555a1a1382708d109faffb59ad969b1a,25685b4d9136a18eb0d727eab8ae7ed6a1522bfc8b22e251579f451100ab3caa
165,D/d (16).csv,D,16,5e7faa7cf54ca6aa746be4e5cd136a92e4daedb83195f3d104a5e2217d305a51,f8d7ba011bb72e8d4b8c6471ab74ff1e4d72e006dbd21e831233839224b77d27
166,D/d (17).csv,D,17,07ad82e53c25521ace30c7327296d1274190218240a3344aadbabfd34d79995a,ba2b09cbc1957b17e19ca1f43b26448a51954912529f347b554d6b75ebf1ca42
167,D/d (18).csv,D,18,5f376994aa0364e6119218ae846011ed6e7998b27e3893eda09d5f23f564708d,88ce193de9a9b9cf312a37df9c7b814b0cd141b842ed365b88c8dfb994fb834d
168,D/d (19).csv,D,19,e369681627eb599be71e9a01188880115ce40adf50c68acd73f724645ba4542d,accd1e278c2c0ae78835b78fcb8eeb6be5cc6847e2f3708d88b6184b005805c4
169,D/d (20).csv,D,20,80b81711659bab994c38d0280108ade741fb49663ea74a8c7453711a8b7e16fb,8d1543477d5a7495afc54293f298a05cf984881477e408d493df414682afda05
170,D/d (21).csv,D,21,d8ee3e2a0ce054079855efb9041e2ef76f9a0eea826c32049d7f8358472e8db0,603e6b52717e517c0a929f491e6b588505980a5251f564505515621db5cdf6ed
171,D/d (22).csv,D,22,b2d2530f50b4a673b39fcb4769efbfc8a1ec0ee3d7492c08b9f82fe08ff32190,78c23583efc8394c9396ebd87b743fbe407dc4b1daa33c390dcd28ce9aa6af24
172,D/d (23).csv,D,23,b5e45eb7aac9c4b2bd9cbcf9cf04adfaecdc4faa771e141ac41524b2f5deb1a9,78f86e8e098eb532190b650e7eaf8a2cabae0d0c3e95c6050612b340f70cf984
173,D/d (24).csv,D,24,4db77dc1afecc1f03e3971fa341d659bb1321da0e53c0d3a3a2c43f66831c059,b068ee8a50d6eeb3f574ac097246e42a31605a631af1e2d09772bddd717955cd
174,D/d (25).csv,D,25,b95f4bef937542797fe1fc18f108a19ce8c070d6aa8fdcf1aab0b56dc1badea3,9f9218394b527af99102476fd877acc69bb47177d08cb64a28050050e7e0f3c7
175,D/d (26).csv,D,26,6632beccb84c15e449861f9050f29ddda91a71a3dfb12c22c71bdcde039a537f,cd1ddb8e7e29f5fe480bdaed5e2022c4f8fc9be239920d6581067c5dcffa6452
176,D/d (27).csv,D,27,1e367d8c8bab86c9aab2b2b67262a84493fb30740236b45bb5b13fab17380ec1,9bbe5cd710986bdcf3bdbb631bf787083c878e138a73ce64a8098729bce1ef04
177,D/d (28).csv,D,28,6b0fd2f27144c9dfb12981dfe26dd7b816775ffd6b4e78022b2faa43b3041b79,cf9bf0e7c1259ae75e39e9ee400d6d3fab2e66dcef68b183992c2681154e4c64
178,D/d (29).csv,D,29,0d8a737496f130870a3e356c45e92030f4c9138da701bf7158ac513ba95e81f5,493f210f7592c4a2d14cbdb37ad47d16f4536edbddc21bbaa52ac7dbb2ba3a04
179,D/d (30).csv,D,30,1c496bd33d2109f217b7b5659791ad36b56f3d244f17a21b323ff4353620d6c5,eeccdafd129b73b15e130c1084efc9ecbbe20f564d16c572a3542e7441284b50
180,D/d (31).csv,D,31,dc88eb17f0e4f0e37c7223c957f5fc7da44b32002e7310b5f1374d49b8977c9e,44b6f7343446fc21dfaa15614616b8171866fc157f5274e9c33a9242319ca7c6
181,D/d (32).csv,D,32,cd29beeed54d494bc09bb33b08cc200bb9ddd3c73ce0b235fd24594958125ac1,8d20c0d34a64b338936142d13db658f1330240f4cb04edd3f0afb1a0b19de1b9
182,D/d (33).csv,D,33,429b867c7b7a0f846c9285d547cf13aa62821cd8204fa14e09170f4e5d21dc61,6549ee8e5ac2dfd81ddf4d6e1a2b1c85740e4063e9359525665938d5e06bef6b
183,D/d (34).csv,D,34,1fd539b3200eb9244385c62d06deff70d5ffb332cda0894a08726ffb7cb50fc6,f976d9b4e5e9f8f7268001ca2e384ff6acbfce68c31dc9cbc9847cbf136d7ce3
184,D/d (35).csv,D,35,0732427c4d9f6ff41e54416359bd79f2ae8660f565f54001a57982a8d51da7d7,626b77a67cb023403984d8bbfb7c94d4c0171a3c9eb2d3a0da1991435bcb82d2
185,D/d (36).csv,D,36,ee6000d1822b60a914d6f5b2c63622962a08535c64557321536d9d03d2654859,796c1d973d8216036a8863d50ab35e1046a7b4c914fc02e9ea92f76fbf49b322
186,D/d (37).csv,D,37,5b86c5ee1bd81ae71cb7139b24e47bd00a5c51a2d35278e68d89f16b593eb865,2fee7e9ac2530ce2a88b72e17d593394128fc4afb39717066ba264497175439a
187,D/d (38).csv,D,38,8a8513171dc7d28b79165e5108e55e3fc245fd48894b6d3c93b02d5daea5063e,8544271d9bdcb8fb482c7aa1d98af7429cf54433090c7f99bfd3ad7979a70b4d
188,D/d (39).csv,D,39,c33503273d32ca318cc1c2b5a98f6b19fe9863327eafbef2146a51d7f9277ee9,cfaa027225a46b38762fdbb504ed90189dff9a24c50da03ce99755575a537eb6
189,D/d (40).csv,D,40,b8aa90b8fc87ccdb65c43bbd619e3ac41fe298580bb10a050e771affd562ddfa,de97e7b5e10e944d022238ce83e51cd8175b96f52cebe178788d9908c0444804
190,D/d (41).csv,D,41,132c12a892ff1408a64f68f20c3afb395236328e1fa5bcf9f5d56d57b001d83e,5740715cba64db62af9886492ab2243d53b1fbaa5a98e3b3ad8de3b02428b54c
191,D/d (42).csv,D,42,33a8bd00df074b37df24ad4f3731aaaebbdaeed3f56fed6d233ba8779524e631,0cd5c39693aa849d3f81c75c4b71fa07af978cd7f77d0092418ea4bde8197370
192,D/d (43).csv,D,43,2ad9a4890e3671254a8e40d1f978831b96022ad2262faab2c753c3634c7b69bc,499dedc78aa4bc337ce1547bd1bca10b8e6353372f18dabfbb14ae2460716f26
193,D/d (44).csv,D,44,7cdae2de091da8b4d2041ac69e67b3b0adb8f2449fc42d7f78eb740367809a8a,6458192ac719d4c02c5302ad5d03edbbfc066f0bcba5f7bfe20603fccc40ad72
194,D/d (45).csv,D,45,645928a9c508ed44a4c744d5cff8c4f74c2fd21ad1db604ca5f5accf531c1e18,2c9a402d51ff1935bec76ffa7bcb8e0b9ceddee0c63a3e9b35c8e518f3322ff1
195,D/d (46).csv,D,46,593cb2057755a62537dffda28be7c5ac7dc3a26e193d00451c4f99a4716c2d2a,97e90bb0077911d3abbcb59cd1ed5519b47ceb43a966d23b31c5360d1d5decb2
196,D/d (47).csv,D,47,23af3c55d259c91f91a57bc029e86da94b882a8d42ed330d84976060e1a02c24,6b71923ef18d74a6709531e04f047430b015582b01b6f327eca5bf39de1baf76
197,D/d (48).csv,D,48,6a9a804cd19e241a04913c9026266e7a4948dc58084a16aa7b442b96c6ccff27,04445e97144eed8a8eb76139e2830788ae5609aedc42e9129865a70adca4d81a
198,D/d (49).csv,D,49,f0dcb998578147adde2148a37c9d2862604657fc8a52e32c7ac42e030355d474,b4266240bc2b74baa4e05f62d900d0917191eb76205fd727173d65e120597fde
199,D/d (50).csv,D,50,7d16407bf7594674d797ceeb036decf235e84c9e0e3ec9cda0bb20f6a3a300df,2fa4d36f81baa2a59c76a3160a224718878fd31ee73f3abfb7838310789c262c
200,E/e (1).csv,E,1,ce0c5e3c30fe122c38e73043082ea666228f2aec3521b3551f34ed4c785199ec,ceb425b0d7d6e332bfe8ed47f9e61a59158bd0b9a3fd6c2fd2ccf8d1ef998604
201,E/e (2).csv,E,2,ad8d0b69a749caccafc08403fbdb6e3ee1e79f150a51c7adbb82aff9b770d0ed,2e9a5f3db884c34254f4604ffd0785d86b9c1f84fc26b41b9937336d0b1b87ec
202,E/e (3).csv,E,3,6f4b34524371d5667824b32a732d9549c146f4eebfca83e33d4ffae96f4ae07a,b2d53ba6a2f91d15fa9db922a98ca2dfb94ca2555ce839cbbfe51a178f05c41a
203,E/e (4).csv,E,4,899db49d7197f62c6900453046ecf07ca5bb155ecb931c8f33961f0eada3fa4d,157e2e267f90d9cf6a7629abaa3fbc64b156c24c482c53576305fa02079014d5
204,E/e (5).csv,E,5,abdaee7f0ab0590b84bf6ff6b2aba17f28b468ee203eecf1ae25cff0e8bbdf13,1cbc685f2b289a363ef63d1a6a6f3c113a6540625367dea5509c8dcf287e81fa
205,E/e (6).csv,E,6,61a4ee2d21fc5ebb9f72be46561b2e82e0df6322d4f02a4550b0560ea98296c0,a341f83e7f07b5de078ed25d19691f0499d5541645b7a8e8b534b4a4b2215492
206,E/e (7).csv,E,7,83c2a495ed6e72612b81ca562011faef3b00d73719c7d3cd5a4f56c12ce14fa5,d26c19b45b6cf1051fab937fc19a3720f7c051f7e3b9f730ff78bfbec3f68e42
207,E/e (8).csv,E,8,08f61e6ba68dcfe6dc102fab9aac23b6a0df58c2562fa624b9984ec00cb2e20a,8a9a80ee089a5e6ed7b55d0d53eb679ff14d99c1286f494bf476543479b18e82
208,E/e (9).csv,E,9,35154de14e89566bb9210585133c362fb8ccc0e50fb37a584fb2c4a22c4b6471,802add0fe8efc868163f0fc0e5b7d209b16fea040a3c7149e510981ed76b8c8f
209,E/e (10).csv,E,10,75400a81311e42658817dc94c05fb9f7c511549be2f4ec40636d6d060fbef514,d9aacac7ae3187dbd9831d6c26d4f734cd3845e987dddfe49fea97f45c4cdaba
210,E/e (11).csv,E,11,1248f50a899e06b1daedcc5e55fa8639eb295ad135fa1c9bc21d981dbad4de45,c1d26fc99e101933c34e38f8878a61963d2c3d34cc98a25c049ab7e56412039a
211,E/e (12).csv,E,12,51864ed39dd4b996c70c6f120af8fae40944b9b69817c6858b964b2d7f22eb7c,463bc589aa30550db7ca7c1170cf12f88ce6360c9b8217c23afb40737cf26401
212,E/e (13).csv,E,13,3dc176e311a1c902451bc40a2687614ec1b73e224f494636edbf4251b2b73248,303fe405680addccd53b5c0d19b2b5d2ed25f5deeec6c111bba727dbb02edc5a
213,E/e (14).csv,E,14,b1ef1a99fa424510dcfd51e34ef913ba1f22bb4f52b4188f62dc8504b631aaed,a6c1aa1233ef93ee49eb45c9697c134135b713768cea38f062054cdaad16289a
214,E/e (15).csv,E,15,552a84278730b7cc38abf6fb8c71cff59cc6b720621b7569ccc918e3d98aaa98,9236edaac6a0394161d255bcbbcf6475040d15f9aaea86d28f5368337777846d
215,E/e (16).csv,E,16,c760334571c6337d5f39e09c9e8bb48069336a46da7a8d20c9efe4f97f54b51a,36809e6bba2d7bc3024f3435a1aa6ea237701f444286f4ab77b4d41cc11da612
216,E/e (17).csv,E,17,cca7e8d3df31f4e3ab75b8ff3f36d0e9fa1e198ec93f2eb1a32afae34986c438,29f95ba058eeea688f2254ed0cb77ed2b6a2f3c0998a0f0c3283f50b07aa4fb0
217,E/e (18).csv,E,18,196ff37c295eb057775a046764d0fae1544021a66db66e26dea412418dacbe91,fd4c2c2cbe2bf5008c7656dfcaa947fa9da4170360234bf03c2d1f9269f421b4
218,E/e (19).csv,E,19,6f81b192f2069f71abcfb9c298eface7b298f31353c8aa16c6cc30ca15cf8c71,5a7e089172a39ba81b758c69bc3728bfba383465cb12106e98d140f173b4d581
219,E/e (20).csv,E,20,8d579a79d9c4bc8f47a27f17c5c415f80f43c966bb4f478f188d2e182f819111,b8f8ec80c85e8066eee74a58d8a183f9cd552612a52e707aa97f8437b05a3cf5
220,E/e (21).csv,E,21,387040097dc2cf5c51207e98e8b4524e94311d70dde6d5c942b5a5c278507993,6448e092b2c00b9b99b6130a62d5ab5f728ad15dbcfc3c5e2f25f89b91f52547
221,E/e (22).csv,E,22,b780de8405a347a15d79f1fcc64870f5614363c5d252b0a2d6e1752e159b6b3e,fa4f527f211a5e30b26459182fc24caa31da2b08c6820f848a431eb1f1cd33cb
222,E/e (23).csv,E,23,ad3062a9662e5768b0650d7d5b0c650acc0a9a4df7e6d70050774af05bfd892e,709624742b90d607760e35d72f4a44b0d38bacc170e5583db4f443cb93c429ff
223,E/e (24).csv,E,24,48622df9cc0623539538aa0cc02f43d3e2ceb04d17272c5e9f9c4e6b6b605e6b,92c51def03deb8c8db6f84e18be4ad6265ba813b9dcca4be68e24183535774bf
224,E/e (25).csv,E,25,87a40d6192568f563faa8b52fc36e0ac683d1f60233159cbfbceef332331b7e1,e69f58db1eb3a4cfe3ed8651bccdecfa0560be41a756434ccf2c88b801d0e45b
225,E/e (26).csv,E,26,ab176dc815342d9a2d2e9b4e5250b0f1f01f9168b6a832694806d0c320125172,95e86ee11e849f000a9606c8cce8bc0ac9955df53a86856fd51937f3b9ac8055
226,E/e (27).csv,E,27,4141550e4438fff313210a6e8e404d08ddfd3a48a035376bfff4c843b6540787,b5a9bbda060eb0d1ed0d17324fe3d2adc8c10007ca7fbfb9859e02fab112b3c5
227,E/e (28).csv,E,28,88fccc8e23a42827fb0a958db2f41b86d11ed52859d3823f07d843826be9c1e4,78dcbfb95d3ae68644d2d4a984855989290bbb836f20e1e02b4fa17fec007bac
228,E/e (29).csv,E,29,2167ed1bfa8093ca42347e7d6cfd9d46ac234a70ca400f66c1bc6c2b90568567,66a41a178b7b97902aaacc2e426b4945b92ec0540d226c87575ba8c786e471c0
229,E/e (30).csv,E,30,2aed90055a4e2aafbb0753d5e8da573f39f52f9cf4d2d0aa7a696a29a686e752,7190a52f6c66624be0f28a013f0f3ad0d4ee4ff0da44167b1c8e9834ab703c78
230,E/e (31).csv,E,31,b74c005707d9cb394e55c4e0c3b279aae37ac1e378c0d85b325451cdd6ab5e19,e7e834ab39a052cf86a296b80698ed6d73d32c35c9b679efb8543730684a54a1
231,E/e (32).csv,E,32,018d693f73bb6721ae98072916f78f6324ac105199b4a84be8fa86e2587c6ee1,70d00e7cc26c2a2d61971834e56ce1b0bbf5cb8b7bc964e05146f54ba8267a90
232,E/e (33).csv,E,33,e141d4ff905144a433a9d2c243d223e823f3c41d3c94a55b71891761b93f0d63,cad41d28b27991ed4450926fc40a49d7cb26152b47e063c9ee59e5b6d16ebfb6
233,E/e (34).csv,E,34,ceac500d52ca09c77180efd15cdb47075037164a413f323f6a92a709e0c14846,249c07a60f2910141aa7e2ce5699a98de2e833e888d2b0b5168b91441ac08cc9
234,E/e (35).csv,E,35,6fbbecbd76fb2e6be3963bbba52e2f3b26ebc58afe85655acdff241d28d97078,04afd6295101e6aeb8a0fcc66f44903bc061ec33b3b4715966c532c9806238cd
235,E/e (36).csv,E,36,547cda4c92249ebb28a839de6ba4ca24a91ae203dd44b04ede4eb1a8eb991022,ba9eccb85bbd42bacd6715721caaa87cac17370216e788e0d059177b7e645a2e
236,E/e (37).csv,E,37,c45bad2bb56bbbfd2dfb3d8f050c1c04009a90be0754e903b35dc17212ed0b19,8b73b72cb7ffc7c31806b627b67d5046d04fc893a8a06bd77f0017eb0b337279
237,E/e (38).csv,E,38,872b43897480a31117a19981f3be54e3eff308b62c1a81d7180475faa7ba3952,171dfc585ed10fd3c77eff71f51b63156e5e3b43e5f23237c3922357788ad713
238,E/e (39).csv,E,39,947a05cee827ab1f77155de45c27612b901805b78b315fc1cef452ada243f2e5,014545ef054f17fc0985250c323ee29f787e9734f8235f24087af2e742173226
239,E/e (40).csv,E,40,164fbd3c2cf15a212444ec99271be77bed03bfbd11398daad308a8c65097bd7f,c48077fd7545252a62cddf7311bfe0a7b2836b1ba467393bf48bccdd7709971a
240,E/e (41).csv,E,41,95bb119d132d201de871734fef4c68a5abd4ac7d77de18c4bfdd39af1aaf5ac5,cca9fafff407c804573092c51931b2c86c3b302ffb5dbb134b5589e7ea6c9e70
241,E/e (42).csv,E,42,30c622d0321bc2d9493fe1664db59acecc86eb51ddfef0f707b561dbd4522cf2,eadc7ab5f239bb6ae957f5d2cb5b3a734eb4d239144bd23422a776235aac3e27
242,E/e (43).csv,E,43,55457ef1aba57b7f4aad17e552f21dba46badbd125392b60cc7a6de3c702e8dd,13442e128b98a78b83fc367caa3c36f5f2d6b5c7963fd2989eb65bebb4c309c9
243,E/e (44).csv,E,44,b8ec4183afac07e340ff2dad81e34b5f85938c4deda823505ef94ac48046fd8f,20a45a6b7193658efd484bd54637e35751e9aa1c02ede7713f60dcc77fa2902e
244,E/e (45).csv,E,45,c2f8e7acecf9f1bd5e9d50c9e0185f123ca4d2d860e43370b4d27591f5ccabc5,2d314fccdad49389d04b57b51df89eb0c3ece6ac9a2068bf967a748654e31425
245,E/e (46).csv,E,46,05e4d52c8c964f81ec79aeffa8d20dfe979f7d8df785343296320f19b11b64a0,7f0c4af0191c05e39c932c35bc094811cb06a7173cfa0ce06ef8179a874e3078
246,E/e (47).csv,E,47,54a60cc3b4d22dfaa6876ab92c97be968d960999725d15f8e7c04b9cb219e4f9,d9333189b304b8c0c49d86588bd298bf7270a1a4cb4778e1fa7d9eb53146f0c1
247,E/e (48).csv,E,48,df025687a68369be1ee551d780e1a4b0263b4fcc5b4fa041ab4695046a991685,ea24dc1fe069b5c136ff28c57e0408dd0640dca4f11b9cf829e5d4dd77b8d5dc
248,E/e (49).csv,E,49,66df462e3337217c69211f7dd45a21f8e0c80098150c46f131a52404883fd951,60bdad246b892fdac1ea7e4419729e6a4ff0d3bfb99dda49aa8a821a5922964a
