subject,channel,grasp,rotate,stop
A,1,0.4698276584364381,0.6931929044806244,0.27721096456680694
A,2,0.03638733808535234,0.05895640843042799,0.03840062536178692
B,1,0.0479006795933382,0.1198558422669336,0.06394194404219189
B,2,0.03445242147316114,0.024413301232067225,0.015831565421116082
C,1,0.047024913408271064,0.0897210202187359,0.057567316108893374
C,2,0.030333751210725807,0.057415650744708294,0.03799371915940591
D,1,0.1701113204896633,0.07200877041209539,0.05991866881677786
D,2,0.13507497102559438,0.05580715336987939,0.02730760992916147
E,1,0.06362468150330099,0.0897019752116544,0.14657671149723187
E,2,0.020986303854901512,0.02494234217040027,0.029452413312187647
